deliverable,refined objective,client objective
"Corrected theme ranking + department benchmark (tab03-04, fig01-02)",RO1,O1
"Priority-risk screen, localised vs company-wide (tab06)",RO3a,O3
"One-dimension (halo) finding, 3 converging analyses (NB02-03)",RO1,O1
"Calibrated synthetic panel + two quality gates (tab13-14, fig05)",RO2 prep,O2
"Ranked driver table, triangulated (tab16, fig06)",RO2,O2
"Temporally-validated risk model + explanations (tab17-18, fig07)",RO3b,O3
Persona machinery + honest structure verdict (tab19),RO3b,O3
"Importance x performance priorities (tab21, fig09)",RO4,O4
Keep/add/drop/fix 2026 instrument (tab22),RO4,O4
